Artists,Name,Year,PeakPosition,WeeksOnChart,Popularity,Acousticness,Danceability,Energy,Key,Tempo,Valence,Cluster
"Lady Gaga, Bradley Cooper",Shallow,2019,1,39,86,0.379344131,0.525773196,0.349930844,0.636363636,0.290374308,0.305481921,2
Ariana Grande,7 Rings,2019,1,23,87,0.605316037,0.761741123,0.277582722,0.090909091,0.563282122,0.309723253,3
Jonas Brothers,Sucker,2019,1,17,85,0.043658263,0.835051546,0.721246941,0.090909091,0.550391948,0.972431343,1
Maroon 5,Girls Like You,2018,1,52,64,0.570551129,0.570446735,0.431854453,0,0.067331117,0.3627399,3
Travis Scott,Sicko Mode,2018,1,47,92,0.005243039,0.825887743,0.716991169,0.727272727,0.655548634,0.435902874,0
XXXTENTACION,Sad!,2018,1,38,87,0.263801935,0.718213058,0.592509841,0.727272727,0.16223734,0.464531863,2
Ariana Grande,"Thank U, Next",2018,1,28,85,0.234149513,0.691867125,0.63506756,0.090909091,0.359247312,0.399851553,1
Childish Gambino,This Is America,2018,1,17,83,0.119629813,0.848797251,0.432918396,0.454545455,0.439783149,0.545117167,4
Ed Sheeran,Shape Of You,2017,1,59,85,0.594068567,0.815578465,0.634003617,0.090909091,0.291472132,0.950164352,1
Cardi B,Bodak Yellow,2017,1,35,74,0.067380201,0.931271478,0.688264709,1,0.470608552,0.477255858,2
The Weeknd,Starboy,2017,1,30,84,0.144169749,0.648339061,0.564847324,0.636363636,0.846711772,0.478316191,0
Sia,Cheap Thrills,2016,1,52,72,0.048259501,0.589919817,0.682944994,0.545454545,0.254460679,0.739158096,4
Justin Bieber,Love Yourself,2016,1,41,81,0.853782884,0.568155785,0.342483243,0.363636364,0.318862211,0.509065847,3
Drake,One Dance,2016,1,36,82,0.007932207,0.777777778,0.605277157,0.090909091,0.340750837,0.35531757,1
Zayn,Pillowtalk,2016,1,24,78,0.119629813,0.5395189,0.68507288,1,0.470127483,0.42742021,2
Justin Bieber,What Do You Mean?,2015,1,31,77,0.603271043,0.838487973,0.543568465,0.454545455,0.470596217,0.803838405,4
Adele,Hello,2015,1,26,72,0.343556725,0.421534937,0.42015108,0.454545455,0.67379224,0.269430601,3
Taylor Swift,Bad Blood,2015,1,25,65,0.089057144,0.617411226,0.793595063,0.636363636,0.748980813,0.275792599,0
John Legend,All Of Me,2014,1,59,85,0.94274015,0.35395189,0.221193744,0.727272727,0.4392034,0.313964585,3
Katy Perry,Dark Horse,2014,1,57,75,0.003208269,0.609392898,0.562719438,0.545454545,0.513220138,0.33729191,0
Meghan Trainor,All About That Bass,2014,1,47,71,0.058586724,0.794959908,0.884030216,0.818181818,0.526301507,0.98197434,4
MAGIC!,Rude,2014,1,41,78,0.043249264,0.757159221,0.744653687,0.090909091,0.587853632,0.950164352,1
Iggy Azalea,Fancy,2014,1,39,68,0.092431385,0.915234822,0.702095968,0.909090909,0.285329255,0.3627399,2
Robin Thicke,Blurred Lines,2013,1,48,52,0.004210317,0.856815578,0.476540057,0.636363636,0.439635128,0.897147704,4
Lorde,Royals,2013,1,44,10,0.041408769,0.634593356,0.489307373,0.636363636,0.223080197,0.365920899,2
Katy Perry,Roar,2013,1,35,75,0.00497719,0.505154639,0.761676774,0.636363636,0.809589303,0.44544587,0
Miley Cyrus,Wrecking Ball,2013,1,32,75,0.416154034,0.47766323,0.389296734,0.454545455,0.439413096,0.333050578,3
Eminem,The Monster,2013,1,29,74,0.053678737,0.765177549,0.847856155,0.090909091,0.378261862,0.624642138,1
Gotye,Somebody That I Used To Know,2012,1,59,76,0.60429354,0.860252005,0.466964571,0,0.495525444,0.7264341,3
Bruno Mars,Locked Out Of Heaven,2012,1,36,80,0.050099996,0.702176403,0.682944994,0.454545455,0.587619265,0.882303043,4
Flo Rida,Whistle,2012,1,29,76,0.021265572,0.726231386,0.937227365,0,0.340806345,0.746580426,1
Rihanna,Diamonds,2012,1,26,55,0.001275749,0.516609393,0.69571231,1,0.266771104,0.379705227,2
Adele,Rolling In The Deep,2011,1,65,75,0.133944776,0.705612829,0.744653687,0.727272727,0.346782699,0.516488177,4
Adele,Someone Like You,2011,1,39,78,0.912065231,0.510882016,0.29141398,0.818181818,0.532820605,0.265189269,2
Bruno Mars,Grenade,2011,1,36,75,0.149282236,0.679266896,0.533992978,0.181818182,0.380691875,0.203689959,3
Wiz Khalifa,Black And Yellow,2011,1,25,74,0.066050954,0.654066438,0.827641238,0.181818182,0.711130573,0.533453504,1
Lady Gaga,Born This Way,2011,1,20,68,0.003341194,0.542955326,0.821257581,1,0.463731736,0.486798855,0
Bruno Mars,Just The Way You Are,2010,1,48,80,0.015437337,0.600229095,0.837216725,0.454545455,0.371866115,0.423178878,0
Eminem,Love The Way You Lie,2010,1,29,81,0.24641948,0.728522337,0.924460049,0.909090909,0.236038214,0.642667798,4
Eminem,Not Afraid,2010,1,25,78,0.540898706,0.849942726,0.955314395,0,0.406546235,0.671296787,1
Lady Gaga,Poker Face,2009,1,40,72,0.120652311,0.845360825,0.797850835,0.363636364,0.433461413,0.797476408,4
Owl City,Fireflies,2009,1,31,79,0.028116304,0.457044674,0.644643047,0.272727273,0.810391084,0.46347153,1
Kelly Clarkson,My Life Would Suck Without You,2009,1,24,66,0.001429124,0.473081329,0.878710501,0.818181818,0.593712802,0.412575549,0
Coldplay,Viva La Vida,2008,1,51,79,0.096214625,0.426116838,0.598893499,0.454545455,0.550755833,0.404092885,0
Rihanna,Disturbia,2008,1,37,72,0.088239146,0.680412371,0.805298436,1,0.46998563,0.728554766,4
Lil Wayne,Lollipop,2008,1,28,70,0.05623498,0.820160367,0.395680392,0,0.612801362,0.438023539,1
Rihanna,Take A Bow,2008,1,27,76,0.253576961,0.668957617,0.437174167,0.818181818,0.205774058,0.569504825,2
Alicia Keys,No One,2007,1,39,79,0.021367822,0.608247423,0.523353548,0.090909091,0.254867737,0.139009649,1
Plain White T's,Hey There Delilah,2007,1,35,80,0.891615285,0.621993127,0.249920204,0.181818182,0.340775507,0.278973598,3
Kanye West,Stronger,2007,1,27,80,0.005764513,0.577319588,0.703159911,0.909090909,0.340905026,0.482557523,2
Timbaland,Give It To Me,2007,1,26,65,0.171777176,0.987399771,0.696776253,0.727272727,0.381789699,0.82716573,4
Avril Lavigne,Girlfriend,2007,1,24,74,0.000752231,0.512027491,0.96063411,0.636363636,0.710902374,0.673417453,0
James Blunt,You're Beautiful,2006,1,38,76,0.647238427,0.643757159,0.449941483,0,0.205255984,0.444385537,3
Chamillionaire,Ridin',2006,1,31,70,0.19324962,0.773195876,0.789339291,0.727272727,0.581803268,0.849432722,4
Sean Paul,Temperature,2006,1,31,77,0.108382343,0.959908362,0.578678583,0,0.470719568,0.834588061,1
Rihanna,SOS,2006,1,28,69,0.004087617,0.64604811,0.654218534,0.636363636,0.544767144,0.521789842,0
Kanye West,Gold Digger,2005,1,39,77,0.019629576,0.593356243,0.680817108,0.090909091,0.272747457,0.621461139,1
50 Cent,Candy Shop,2005,1,23,78,0.02586681,0.573883162,0.551016066,1,0.471539852,0.763545753,4
Mariah Carey,Don't Forget About Us,2005,1,21,58,0.043147014,0.672394044,0.503138632,0.909090909,0.584911712,0.372282897,2
Mario,Let Me Love You,2004,1,36,76,0.240284496,0.621993127,0.555271837,0.636363636,0.28244901,0.552539497,2
OutKast,Hey Ya!,2004,1,32,79,0.105314851,0.704467354,0.976593255,0.363636364,0.190009806,0.986215672,4
Snoop Dogg,Drop It Like It's Hot,2004,1,30,68,0.194272117,0.887743414,0.612724758,0.090909091,0.266814277,0.66493479,1
Sean Paul,Get Busy,2003,1,32,74,0.628833475,0.712485682,0.817001809,0.909090909,0.317530021,0.732796098,4
"B2K, P. Diddy","Bump, Bump, Bump",2003,1,22,52,0.10204286,0.825887743,0.669113736,0.090909091,0.28858572,0.892906373,1
Nickelback,How You Remind Me,2002,1,49,78,0.001377999,0.381443299,0.75316523,0.909090909,0.760927352,0.538755169,0
Ashanti,Foolish,2002,1,32,71,0.344579222,0.632302405,0.680817108,0,0.255324135,0.716891104,1
Nelly,Hot In Herre,2002,1,26,72,0.210632074,0.965635739,0.732950314,1,0.359919575,0.930018026,4
Alicia Keys,Fallin',2001,1,34,73,0.268914421,0.618556701,0.58825407,1,0.29150297,0.47407486,2
Shaggy,It Wasn't Me,2001,1,25,76,0.057359727,0.847651775,0.585062241,0,0.283960059,0.656452126,1
Usher,U Remind Me,2001,1,24,73,0.198362107,0.623138603,0.609532929,0.545454545,0.279186377,0.732796098,4
Creed,With Arms Wide Open,2000,1,47,65,0.004343241,0.340206186,0.513778061,0,0.555905735,0.112501325,1
Savage Garden,I Knew I Loved You,2000,1,33,69,0.327196768,0.56930126,0.469092457,0.818181818,0.223962156,0.746580426,2
Destiny's Child,Say My Name,2000,1,32,76,0.279139394,0.687285223,0.661666135,0.454545455,0.550706493,0.741278762,4
Sisqo,Incomplete,2000,1,26,59,0.28834187,0.725085911,0.411639536,0.090909091,0.435385688,0.251404941,3
Christina Aguilera,Genie In A Bottle,1999,1,25,72,0.214722064,0.588774341,0.791467177,0.090909091,0.783876797,0.930018026,1
Enrique Iglesias,Bailamos,1999,1,20,53,0.053985486,0.588774341,0.885094159,0.818181818,0.315698259,0.58965115,4
Destiny's Child,"Bills, Bills, Bills",1999,1,20,65,0.142124754,0.838487973,0.553143951,1,0.486761359,0.451807868,2
"Marshmello, Bastille",Happier,2019,2,45,86,0.195294615,0.657502864,0.782955634,0.454545455,0.316376689,0.674477786,4
Ariana Grande,"Break Up With Your Girlfriend, I'm Bored",2019,2,20,81,0.043044765,0.702176403,0.529737206,0.454545455,0.74800634,0.318205917,0
Billie Eilish,Bad Guy,2019,2,13,91,0.335376746,0.673539519,0.392488563,0.636363636,0.532937788,0.558901495,2
Taylor Swift,You Need To Calm Down,2019,2,2,83,0.009496628,0.753722795,0.654218534,0.181818182,0.223931318,0.720072103,1
Juice WRLD,Lucid Dreams,2018,2,46,89,0.35684919,0.455899198,0.542504522,0.545454545,0.217005162,0.194146962,2
twenty one pilots,Stressed Out,2016,2,52,83,0.047237004,0.711340206,0.618044473,0.363636364,0.747870654,0.650090128,1
Lukas Graham,7 Years,2016,2,36,79,0.293454357,0.746849943,0.443557825,0.909090909,0.439585788,0.323507581,2
Ed Sheeran,Thinking Out Loud,2015,2,58,65,0.484661354,0.765177549,0.413767422,0.181818182,0.186753341,0.58965115,3
Fetty Wap,Trap Queen,2015,2,52,75,0.024946562,0.725085911,0.869135014,0.636363636,0.612789027,0.829286396,4
Maroon 5,Sugar,2015,2,42,80,0.060427219,0.727376861,0.778699862,0.090909091,0.440103862,0.900328703,1
OneRepublic,Counting Stars,2014,2,68,74,0.066868952,0.63115693,0.690392595,0.090909091,0.452075071,0.468773195,1
Sam Smith,Stay With Me,2014,2,54,82,0.601226048,0.349369989,0.387168848,0,0.218183164,0.158095642,3
Nicki Minaj,Anaconda,2014,2,22,65,0.068300448,0.974799542,0.583998298,0.818181818,0.501273599,0.647969462,4
Justin Timberlake,Mirrors,2013,2,42,76,0.239261999,0.528064147,0.485051601,0.454545455,0.173807659,0.505884848,2
Miley Cyrus,We Can't Stop,2013,2,26,77,0.009016054,0.572737686,0.602085328,0.090909091,0.192951727,0.476195525,1
Ellie Goulding,Lights,2012,2,57,47,0.073719684,0.67583047,0.718055112,0.727272727,0.439807819,0.725373767,4
Maroon 5,Payphone,2012,2,31,73,0.013903591,0.717067583,0.744653687,0.363636364,0.378132343,0.51754851,1
Katy Perry,Wide Awake,2012,2,26,68,0.076582677,0.459335624,0.66698585,0.454545455,0.685189868,0.572685823,0
Justin Bieber,Boyfriend,2012,2,20,67,0.036603032,0.691867125,0.525481434,0.909090909,0.297633512,0.315024918,2
Taio Cruz,Dynamite,2010,2,47,55,0.004721565,0.735395189,0.782955634,0.363636364,0.439524112,0.883363376,4
Lady Gaga,Bad Romance,2010,2,35,80,0.003208269,0.667812142,0.920204277,0,0.433473748,0.720072103,1
Iyaz,Replay,2010,2,34,74,0.176889663,0.679266896,0.739333972,0.818181818,0.260967442,0.169759304,2
Taylor Swift,Today Was A Fairytale,2010,2,18,52,0.031388295,0.432989691,0.688264709,0.636363636,0.673927926,0.327748913,0
Taylor Swift,You Belong With Me,2009,2,50,70,0.18200215,0.657502864,0.732950314,0.545454545,0.501100907,0.424239211,0
Kanye West,Heartless,2009,2,30,76,0.052656239,0.775486827,0.628683903,0.909090909,0.242267437,0.656452126,4
Miley Cyrus,Party In The U.S.A.,2009,2,28,74,0.001142825,0.617411226,0.682944994,0.909090909,0.291743504,0.461350864,2
Drake,Best I Ever Had,2009,2,24,47,0.104292354,0.375715922,0.902117247,0.090909091,0.697068565,0.523910508,1
Chris Brown,Forever,2008,2,33,73,0.037625529,0.640320733,0.812746037,1,0.439665966,0.42742021,2
Chris Brown,With You,2008,2,29,72,0.137012268,0.628865979,0.677625279,0.272727273,0.229994017,0.657512459,1
Timbaland,Apologize,2007,2,47,71,0.029854549,0.618556701,0.582934355,0.727272727,0.427398713,0.070088008,2
Gwen Stefani,The Sweet Escape,2007,2,40,68,0.195294615,0.736540664,0.759548888,0.090909091,0.439394594,0.73703743,1
Fergie,Fergalicious,2007,2,27,71,0.058893473,0.90836197,0.561655495,0.727272727,0.495482271,0.844131057,4
Fall Out Boy,"This Ain't A Scene, It's An Arms Race",2007,2,20,43,0.0011326,0.366552119,0.884030216,0.818181818,0.933489167,0.473014527,0
Gnarls Barkley,Crazy,2006,2,29,71,0.017584582,0.827033219,0.728694542,0.727272727,0.390066548,0.611918142,4
The Pussycat Dolls,Don't Cha,2005,2,40,67,0.005273714,0.875143184,0.618044473,0.090909091,0.439561117,0.566323826,1
Green Day,Boulevard Of Broken Dreams,2005,2,36,74,0.005641813,0.438717068,0.665921907,0.727272727,0.729879918,0.465592196,0
Rihanna,Pon de Replay,2005,2,27,75,0.000156115,0.762886598,0.621236302,0.636363636,0.310233812,0.491040187,4
The Game,Hate It Or Love It,2005,2,23,72,0.143147252,0.789232532,0.775508033,0.818181818,0.316271841,0.424239211,2
Hoobastank,The Reason,2004,2,38,53,0.013085593,0.405498282,0.625492074,0.363636364,0.210911625,0.032340155,3
Chingy,One Call Away,2004,2,20,60,0.093862881,0.746849943,0.81380998,0.363636364,0.701873084,0.983034673,4
R. Kelly,Ignition,2003,2,42,46,0.34560172,0.789232532,0.286094265,0.909090909,0.109628159,0.73703743,2
Chingy,Right Thurr,2003,2,33,67,0.153372225,0.862542955,0.737206086,0.181818182,0.267400194,0.907751034,1
Christina Aguilera,Beautiful,2003,2,27,71,0.591001075,0.392898053,0.549952123,0.454545455,0.169434868,0.068179408,3
Linkin Park,In The End,2002,2,39,83,0.009793152,0.50744559,0.859559528,0.272727273,0.348003873,0.387127558,1
Eminem,Without Me,2002,2,20,38,0.003238944,0.928980527,0.628683903,0.636363636,0.391768791,0.681900117,4
Eve,Let Me Blow Ya Mind,2001,2,33,72,0.247441978,0.910652921,0.532929035,0.727272727,0.254806061,0.914113031,4
Destiny's Child,Survivor,2001,2,20,71,0.057155228,0.459335624,0.909564847,0.090909091,0.693176842,0.619340473,1
Faith Hill,Breathe,2000,2,53,65,0.176889663,0.476517755,0.468028514,0.636363636,0.543613813,0.257766939,2
Marc Anthony,You Sang To Me,2000,2,32,53,0.01052935,0.532646048,0.891477817,0.909090909,0.723218966,0.748701092,4
Brian McKnight,Back At One,1999,2,37,70,0.462166413,0.627720504,0.308437068,1,0.499781052,0.234439614,2
Jennifer Lopez,If You Had My Love,1999,2,25,64,0.065948704,0.649484536,0.605277157,1,0.279402241,0.826105397,4
Mariah Carey,All I Want For Christmas Is You,2019,3,30,64,0.167687187,0.254295533,0.605277157,0.636363636,0.626369967,0.329869579,0
Khalid,Talk,2019,3,20,76,0.051224743,0.901489118,0.365889988,0,0.538322057,0.321386915,1
Post Malone,Better Now,2018,3,52,85,0.338444238,0.649484536,0.555271837,0.909090909,0.594058185,0.324567914,2
"Bruno Mars, Cardi B",Finesse,2018,3,23,67,0.007983332,0.719358534,0.789339291,0.454545455,0.346832039,0.958647015,4
6ix9ine,FEFE,2018,3,20,81,0.089977391,0.936998855,0.35205873,0.090909091,0.476504727,0.361679567,1
French Montana,Unforgettable,2017,3,42,81,0.029956799,0.702176403,0.758484945,0.545454545,0.303856568,0.740218429,4
"The Chainsmokers, Coldplay",Something Just Like This,2017,3,39,83,0.050917994,0.577319588,0.615916587,1,0.334904002,0.435902874,2
Meghan Trainor,No,2016,3,20,70,0.012778844,0.508591065,0.79253112,0.090909091,0.267776414,0.656452126,1
One Direction,Drag Me Down,2015,3,20,78,0.111449835,0.706758305,0.688264709,0,0.551347918,0.593892482,1
"Jessie J, Ariana Grande, Nicki Minaj",Bang Bang,2014,3,31,78,0.265846929,0.679266896,0.776571976,0,0.624834247,0.759304422,1
Iggy Azalea,Black Widow,2014,3,30,65,0.196317112,0.721649485,0.70635174,1,0.710945547,0.513307178,0
Imagine Dragons,Radioactive,2013,3,87,72,0.108382343,0.38373425,0.77444409,0.818181818,0.539826939,0.213232955,0
Rihanna,Stay,2013,3,32,48,0.966257589,0.581901489,0.270135121,0.818181818,0.38963482,0.095535998,3
"will.i.am, Britney Spears",Scream & Shout,2013,3,24,74,0.019425077,0.75486827,0.669113736,0.454545455,0.501514133,0.494221185,1
Eminem,Berzerk,2013,3,20,67,0.02218582,0.717067583,0.868071071,1,0.285964512,0.688262114,4
The Wanted,Glad You Came,2012,3,37,46,0.057257477,0.56930126,0.835088839,0.636363636,0.482123363,0.419997879,0
Whitney Houston,I Will Always Love You,2012,3,29,76,0.86298536,0.221076747,0.167996595,0.363636364,0.112631754,0.077510338,3
One Direction,Live While We're Young,2012,3,16,73,0.064312709,0.624284078,0.830833067,0.181818182,0.476732927,0.955466016,1
Foster The People,Pumped Up Kicks,2011,3,40,83,0.148259738,0.710194731,0.69571231,0.454545455,0.48882132,0.986215672,4
Jennifer Lopez,On The Floor,2011,3,29,60,0.110427338,0.706758305,0.766996489,0.272727273,0.501310604,0.58965115,1
Lil Wayne,She Will,2011,3,21,56,0.000408672,0.287514318,0.835088839,0.727272727,0.317147633,0.052168381,0
Train,"Hey, Soul Sister",2010,3,54,82,0.189159631,0.641466208,0.882966273,0.090909091,0.297855544,0.805959071,1
Lady Gaga,Telephone,2010,3,33,69,0.005999687,0.815578465,0.825513352,0.454545455,0.452099742,0.71901177,4
Keri Hilson,Knock You Down,2009,3,31,66,0.009731802,0.544100802,0.873390786,0.727272727,0.656516939,0.646909129,0
Kanye West,Love Lockdown,2008,3,23,67,0.055416982,0.741122566,0.497818917,0.090909091,0.437186611,0.08175167,1
Britney Spears,Circus,2008,3,22,70,0.150304733,0.776632302,0.720182998,0.545454545,0.408674039,0.769907751,4
David Cook,The Time Of My Life,2008,3,20,54,0.055314732,0.344788087,0.555271837,0.727272727,0.655252592,0.260947938,0
Timbaland,The Way I Are,2007,3,38,51,0.174844668,0.703321879,0.795722949,0.545454545,0.406977963,0.759304422,4
Britney Spears,Gimme More,2007,3,20,72,0.255621956,0.773195876,0.838280668,0.181818182,0.39846058,0.368041565,1
The Fray,How To Save A Life,2006,3,58,80,0.275049405,0.603665521,0.730822428,0.909090909,0.452186087,0.345774573,2
Hinder,Lips Of An Angel,2006,3,33,71,0.02218582,0.41580756,0.723374827,0.181818182,0.49566113,0.229137949,1
Sean Paul,Give It Up To Me,2006,3,22,57,0.168709684,0.849942726,0.657410363,0.636363636,0.291558478,0.575866822,4
50 Cent,Disco Inferno,2005,3,29,69,0.210632074,0.930126002,0.641451218,0.272727273,0.297892549,0.715830771,1
Destiny's Child,Lose My Breath,2004,3,23,57,0.007431183,0.802978236,0.896797532,0.090909091,0.433535423,0.540875835,1
Alicia Keys,You Don't Know My Name,2004,3,20,61,0.602248545,0.171821306,0.64570699,0.818181818,0.73118127,0.228077616,0
50 Cent,P.I.M.P.,2003,3,25,66,0.045396509,0.672394044,0.746781573,0.909090909,0.184872239,0.905630368,4
Justin Timberlake,Cry Me A River,2003,3,20,73,0.587933583,0.585337915,0.63506756,0.727272727,0.155212503,0.562082494,2
Nelly,Air Force Ones,2003,3,20,61,0.08660315,0.768613975,0.428662624,0.363636364,0.71138961,0.61828014,1
No Doubt,Underneath It All,2002,3,30,59,0.240284496,0.705612829,0.718055112,0.363636364,0.551909164,0.851553388,4
Usher,U Don't Have To Call,2002,3,26,59,0.048872999,0.778923253,0.544632408,0.090909091,0.316315014,0.817622734,1
Dido,Thank You,2001,3,39,61,0.290386865,0.697594502,0.573358868,0.090909091,0.192809873,0.745520093,1
Enrique Iglesias,Hero,2001,3,34,45,0.150304733,0.506300115,0.619108416,0.636363636,0.636583425,0.120983989,0
Nelly,Ride Wit Me,2001,3,29,74,0.062983462,0.844215349,0.68507288,0.636363636,0.327848328,0.728554766,4
3 Doors Down,Kryptonite,2000,3,53,77,0.00678701,0.494845361,0.860623471,1,0.310172136,0.538755169,4
Sisqo,Thong Song,2000,3,28,66,0.121674808,0.679266896,0.885094159,0.181818182,0.449188659,0.720072103,1
Christina Aguilera,I Turn To You,2000,3,22,58,0.388546607,0.556701031,0.440365996,0.090909091,0.483899617,0.278973598,3
Marc Anthony,I Need To Know,1999,3,40,56,0.496931322,0.801832761,0.94999468,0.272727273,0.40917361,0.802778072,1
Jessica Simpson,I Wanna Love You Forever,1999,3,20,58,0.159507209,0.546391753,0.648898819,0.363636364,0.341213403,0.041777118,3
LFO,Summer Girls,1999,3,17,59,0.164619695,0.802978236,0.799978721,0.636363636,0.315149347,0.745520093,4
Panic! At The Disco,High Hopes,2019,4,47,84,0.197339609,0.533791523,0.902117247,0.454545455,0.205354665,0.685081115,4
J. Cole,Middle Child,2019,4,23,64,0.196317112,0.832760596,0.455261198,0.727272727,0.476782267,0.505884848,2
The Weeknd,Call Out My Name,2018,4,18,82,0.173822171,0.39862543,0.571230982,0.090909091,0.527029277,0.148552646,3
Imagine Dragons,Believer,2017,4,52,87,0.063596961,0.759450172,0.770188318,0.909090909,0.470158321,0.669176121,4
Imagine Dragons,Thunder,2017,4,52,84,0.006858585,0.563573883,0.814873923,0,0.73565891,0.268370268,1
Lady Gaga,Million Reasons,2017,4,20,77,0.5051113,0.633447881,0.390360677,0,0.500632174,0.126285654,3
Harry Styles,Sign Of The Times,2017,4,13,81,0.028116304,0.461626575,0.573358868,0.454545455,0.439462437,0.198388294,0
Bruno Mars,24K Magic,2016,4,41,78,0.034762536,0.807560137,0.794659006,0.090909091,0.359271983,0.633124801,1
Flo Rida,My House,2016,4,39,76,0.02198132,0.658648339,0.687200766,0.636363636,0.279315896,0.747640759,4
DJ Snake,Let Me Love You,2016,4,33,80,0.088239146,0.6139748,0.702095968,0.727272727,0.316210165,0.13582865,2
Ariana Grande,Side To Side,2016,4,28,78,0.053985486,0.615120275,0.723374827,0.545454545,0.68123647,0.612978475,0
WALK THE MOON,Shut Up And Dance,2015,4,53,79,0.007165334,0.532646048,0.861687414,0.090909091,0.489209875,0.619340473,1
Meghan Trainor,Lips Are Movin,2015,4,29,69,0.051735992,0.758304696,0.818065752,0.636363636,0.557379779,0.970310678,4
"Rihanna, Kanye West, Paul McCartney",FourFiveSeconds,2015,4,20,79,0.894682777,0.53722795,0.229705288,0.181818182,0.969094419,0.338352243,3
"DJ Snake, Lil Jon",Turn Down For What,2014,4,37,72,0.0010917,0.807560137,0.790403234,0.090909091,0.316370522,0.049411515,1
"A Great Big World, Christina Aguilera",Say Something,2014,4,26,59,0.886502798,0.389461627,0.095648473,0.181818182,0.550065068,0.060014845,3
Ariana Grande,Break Free,2014,4,22,74,0.006541611,0.657502864,0.687200766,0.636363636,0.501039232,0.264128936,0
Florida Georgia Line,Cruise,2013,4,54,58,0.019527326,0.394043528,0.948930737,0.909090909,0.612326461,0.893966706,4
Drake,"Hold On, We're Going Home",2013,4,33,71,0.004240992,0.759450172,0.379721247,0.545454545,0.316302679,0.267309935,2
One Direction,What Makes You Beautiful,2012,4,34,80,0.009200104,0.702176403,0.777635919,0.363636364,0.47041119,0.904570035,4
Bruno Mars,The Lazy Song,2011,4,27,71,0.339466736,0.715922108,0.795722949,1,0.778498696,0.969250345,4
Bad Meets Evil,Lighters,2011,4,22,68,0.359916682,0.644902635,0.679753165,0,0.256261603,0.115682324,3
Dr. Dre,I Need A Doctor,2011,4,20,71,0.088852644,0.550973654,0.946802851,0.272727273,0.660593688,0.383946559,1
Enrique Iglesias,I Like It,2010,4,38,64,0.021367822,0.610538373,0.940419194,0.909090909,0.495210899,0.709468773,4
Kings Of Leon,Use Somebody,2009,4,57,75,0.005641813,0.186712486,0.701032025,0,0.544656128,0.14643198,1
Miley Cyrus,The Climb,2009,4,28,69,0.085273904,0.24513173,0.565911267,0.363636364,0.692960978,0.311843919,0
Jeremih,Birthday Sex,2009,4,20,68,0.30367933,0.648339061,0.495691031,0.636363636,0.069668618,0.434842541,2
Sara Bareilles,Love Song,2008,4,41,75,0.021265572,0.538373425,0.776571976,0.181818182,0.458458483,0.570565157,1
Daughtry,It's Not Over,2007,4,29,60,0.051429243,0.360824742,0.918076391,0.909090909,0.599541134,0.274732266,0
Dixie Chicks,Not Ready To Make Nice,2007,4,24,48,0.11349483,0.38373425,0.480795829,0.545454545,0.212922246,0.213232955,2
The Game,How We Do,2005,4,28,72,0.046521256,0.857961054,0.629747846,0.363636364,0.304023091,0.638426466,1
Akon,Lonely,2005,4,20,37,0.338444238,0.591065292,0.506330461,0.454545455,0.25521312,0.619340473,4
Alicia Keys,If I Ain't Got You,2004,4,40,78,0.616563508,0.568155785,0.413767422,0.636363636,0.429723879,0.139009649,3
Kevin Lyttle,Turn Me On,2004,4,25,67,0.041408769,0.64604811,0.665921907,0.818181818,0.355010207,0.890785707,4
Nelly,My Place,2004,4,20,57,0.050917994,0.557846506,0.622300245,0.090909091,0.705783309,0.643728131,1
Avril Lavigne,I'm With You,2003,4,27,70,0.081797413,0.394043528,0.372273646,0.818181818,0.636688274,0.183543633,0
Creed,My Sacrifice,2002,4,29,40,0.0001009,0.233676976,0.8712629,0.181818182,0.601742949,0.238680946,1
Eminem,Cleanin' Out My Closet,2002,4,20,70,0.070243193,0.910652921,0.746781573,0.818181818,0.612418974,0.885484042,4
Lenny Kravitz,Again,2001,4,32,67,0.015130588,0.500572738,0.795722949,0.181818182,0.187789489,0.799597073,1
Ginuwine,Differences,2001,4,30,68,0.325151773,0.514318442,0.572294925,0.272727273,0.087320139,0.411515216,3
Madonna,Don't Tell Me,2001,4,21,42,0.051326993,0.671248568,0.597829556,0.636363636,0.316068312,0.68296045,4
Joe,I Wanna Know,2000,4,44,64,0.265846929,0.701030928,0.458453027,0.727272727,0.538846299,0.598133814,2
Montell Jordan,Get It On Tonite,2000,4,32,52,0.264824432,0.794959908,0.4701564,0.909090909,0.310122796,0.871699714,4
P!nk,Most Girls,2000,4,27,53,0.043351514,0.720504009,0.719119055,0.181818182,0.30347418,0.699925777,1
Smash Mouth,All Star,1999,4,30,79,0.040386272,0.70790378,0.862751357,1,0.34107155,0.785812745,4
Whitney Houston,My Love Is Your Love,1999,4,28,68,0.056950728,0.75257732,0.445685711,0.636363636,0.208419936,0.465592196,2
Logic,Homicide,2019,5,5,71,0.148259738,0.697594502,0.75316523,0.909090909,0.561943764,0.807019404,4
"Zedd, Maren Morris, Grey",The Middle,2018,5,40,82,0.174844668,0.733104238,0.639323332,0.636363636,0.359518685,0.426359877,2
Halsey,Bad At Love,2018,5,33,75,0.061756466,0.643757159,0.739333972,0,0.429668371,0.611918142,1
Charlie Puth,Attention,2017,5,40,82,0.111449835,0.758304696,0.592509841,0.272727273,0.316691234,0.808079737,1
Rihanna,Love On The Brain,2017,5,31,80,0.073310685,0.453608247,0.618044473,0.363636364,0.760384608,0.363800233,0
twenty one pilots,Ride,2016,5,39,81,0.00853548,0.609392898,0.698904139,0.545454545,0.162027643,0.563142827,4
Alessia Cara,Here,2016,5,34,65,0.080263667,0.301260023,0.81380998,0,0.442484535,0.313964585,1
Selena Gomez,Same Old Love,2016,5,28,64,0.022799318,0.640320733,0.571230982,1,0.304072432,0.42742021,2
Sam Smith,I'm Not The Only One,2015,5,37,82,0.540898706,0.64604811,0.456325141,0.454545455,0.205274487,0.485738522,3
Jason Derulo,Want To Want Me,2015,5,35,76,0.009261453,0.758304696,0.663794021,0,0.402784031,0.658572792,1
Taylor Swift,Wildest Dreams,2015,5,27,53,0.070754442,0.500572738,0.672305564,0.727272727,0.562967577,0.456049199,0
Selena Gomez,Good For You,2015,5,26,61,0.183024647,0.563573883,0.661666135,0.454545455,0.248237623,0.187784964,2
Bastille,Pompeii,2014,5,53,13,0.069118446,0.625429553,0.781891691,0.818181818,0.485404499,0.514367511,0
Passenger,Let Her Go,2014,5,43,76,0.373209147,0.419243986,0.520161719,0.636363636,0.161460229,0.220655286,2
Justin Bieber,Beauty And A Beat,2013,5,24,71,0.000701106,0.560137457,0.837216725,0,0.488994011,0.520729509,1
Bruno Mars,Treasure,2013,5,23,48,0.0297523,0.869415808,0.684008937,0.454545455,0.415168467,0.95334535,4
Nicki Minaj,Starships,2012,5,31,71,0.138034765,0.726231386,0.702095968,1,0.470522206,0.759304422,4
Rihanna,Where Have You Been,2012,5,26,56,0.002052847,0.694158076,0.841472497,0,0.488747309,0.433782208,1
Lil Wayne,How To Love,2011,5,24,61,0.00017861,0.608247423,0.643579104,1,0.649282406,0.251404941,0
Jason Derulo,In My Head,2010,5,34,65,0.027196056,0.743413517,0.736142143,0,0.37801516,0.865337716,1
Lady Gaga,Alejandro,2010,5,23,63,0.000363682,0.587628866,0.790403234,1,0.310067288,0.354257237,2
Justin Bieber,Baby,2010,5,20,76,0.04099977,0.704467354,0.854239813,0.454545455,0.100685215,0.530272506,4
Lady Gaga,LoveGame,2009,5,22,62,0.005815638,0.894616266,0.661666135,0.545454545,0.347269935,0.857915385,4
Sean Kingston,Fire Burning,2009,5,21,70,0.019629576,0.83161512,0.795722949,0.090909091,0.457971247,0.904570035,1
Kardinal Offishall,Dangerous,2008,5,27,66,0.004465941,0.957617411,0.780827748,0.727272727,0.42114482,0.818683066,4
Jonas Brothers,Burnin' Up,2008,5,16,70,0.030263548,0.634593356,0.955314395,0.181818182,0.402629842,0.818683066,1
Colbie Caillat,Bubbly,2007,5,47,69,0.616563508,0.668957617,0.444621768,0.818181818,0.488383424,0.227017283,2
Daughtry,Home,2007,5,37,56,0.002216447,0.378006873,0.847856155,0.545454545,0.587569925,0.321386915,0
Fergie,Clumsy,2007,5,25,59,0.195294615,0.70790378,0.539312693,0.181818182,0.834413682,0.442264871,1
J. Holiday,Bed,2007,5,23,67,0.173822171,0.654066438,0.585062241,0.454545455,0.488364921,0.729615099,4
Snow Patrol,Chasing Cars,2006,5,45,78,0.213699566,0.515463918,0.570167039,0.818181818,0.341053047,0.107199661,2
Natasha Bedingfield,Unwritten,2006,5,42,43,0.005457763,0.680412371,0.780827748,0.454545455,0.316345851,0.615099141,4
Lifehouse,You And Me,2005,5,62,75,0.116562321,0.396334479,0.394616449,0.636363636,0.56238166,0.338352243,0
The Pussycat Dolls,Stickwitu,2005,5,26,63,0.274026908,0.620847652,0.514842004,0.818181818,0.192828376,0.418937546,2
Maroon 5,This Love,2004,5,43,76,0.053678737,0.686139748,0.857431642,0.454545455,0.285760983,0.820803732,4
Maroon 5,She Will Be Loved,2004,5,41,73,0.060938468,0.679266896,0.698904139,0,0.32884747,0.539815502,1
Christina Milian,Dip It Low,2004,5,30,53,0.012472095,0.734249714,0.704223854,1,0.742560396,0.573746156,0
Evanescence,Bring Me To Life,2003,5,32,79,0.007369833,0.249713631,0.943611022,0.363636364,0.283053429,0.276852932,0
Justin Timberlake,Rock Your Body,2003,5,22,71,0.206542085,0.89117984,0.699968082,0.363636364,0.322279032,0.830346729,4
Vanessa Carlton,A Thousand Miles,2002,5,41,76,0.33026426,0.512027491,0.818065752,1,0.285020877,0.247163609,2
Jimmy Eat World,The Middle,2002,5,33,77,0.037932278,0.607101947,0.843600383,0.181818182,0.699609594,0.920475029,1
No Doubt,Hey Baby,2002,5,20,38,0.06012047,0.55441008,0.855303756,1,0.854945448,0.767787085,0
Train,Drops Of Jupiter,2001,5,53,78,0.157462214,0.406643757,0.621236302,0,0.188597438,0.49210052,1
Staind,It's Been Awhile,2001,5,46,67,0.001930148,0.453608247,0.76380466,0.545454545,0.41822757,0.050365815,0
matchbox twenty,If You're Gone,2001,5,42,65,0.43660398,0.493699885,0.641451218,0.818181818,0.377546426,0.345774573,2
Uncle Kracker,Follow Me,2001,5,33,73,0.448873948,0.806414662,0.562719438,0.454545455,0.34720826,0.934259357,4
Macy Gray,I Try,2000,5,27,72,0.320039287,0.549828179,0.623364188,0.181818182,0.170748555,0.743399427,1
Ruff Endz,No More,2000,5,26,52,0.033126541,0.83161512,0.622300245,0.909090909,0.297806203,0.94592302,4
Ricky Martin,Livin' La Vida Loca,1999,5,20,72,0.004200092,0.357388316,0.955314395,0.090909091,0.797618093,0.952285017,1
Camila Cabello,Never Be The Same,2018,6,37,64,0.148259738,0.607101947,0.694648367,0,0.50107007,0.242922278,1
"Lil Baby, Drake",Yes Indeed,2018,6,29,80,0.035785034,0.974799542,0.308437068,0.454545455,0.439376091,0.558901495,4
Sheck Wes,Mo Bamba,2018,6,28,80,0.198362107,0.705612829,0.605277157,0.363636364,0.600201062,0.239741279,3
J. Cole,ATM,2018,6,5,68,0.117584819,0.694158076,0.469092457,0.727272727,0.203115845,0.328809246,2
Sam Hunt,Body Like A Back Road,2017,6,41,78,0.457053927,0.709049255,0.427598681,0.454545455,0.30973424,0.663874457,3
Shawn Mendes,There's Nothing Holdin' Me Back,2017,6,34,81,0.388546607,0.862542955,0.805298436,1,0.451957888,0.990457003,4
Big Sean,Bounce Back,2017,6,28,75,0.108382343,0.764032073,0.552080009,0.090909091,0.20219688,0.252465274,1
Kodak Black,Tunnel Vision,2017,6,20,74,0.058893473,0.439862543,0.460580913,1,0.759440973,0.20793129,0
Shawn Mendes,Treat You Better,2016,6,39,82,0.108382343,0.379152348,0.811682094,0.909090909,0.209554765,0.75506309,4
Drake,Summer Sixteen,2016,6,14,58,0.003617268,0.550973654,0.429726567,0.090909091,0.601681273,0.020358393,3
Taylor Swift,Style,2015,6,32,64,0.002615221,0.555555556,0.776571976,0.181818182,0.285575956,0.446506203,1
Rachel Platten,Fight Song,2015,6,31,79,0.05613273,0.516609393,0.699968082,0.636363636,0.78454906,0.312904252,0
Lorde,Team,2014,6,38,74,0.170754679,0.66093929,0.555271837,0.545454545,0.316043642,0.404092885,2
Jeremih,Don't Tell 'Em,2014,6,31,72,0.400816575,0.851088202,0.501010746,0.181818182,0.304269793,0.372282897,3
Maroon 5,Maps,2014,6,22,50,0.020958823,0.720504009,0.698904139,0.090909091,0.439832489,0.895027038,1
Selena Gomez,The Heart Wants What It Wants,2014,6,20,68,0.054189985,0.576174112,0.779763805,0.636363636,0.211842925,0.621461139,4
Imagine Dragons,Demons,2013,6,61,73,0.194272117,0.449026346,0.69571231,0.272727273,0.254226312,0.416816881,1
One Direction,Story Of My Life,2013,6,32,81,0.230059523,0.557846506,0.64570699,0.272727273,0.446234404,0.266249602,3
Drake,Started From The Bottom,2013,6,22,66,0.03353554,0.780068729,0.495691031,0.727272727,0.23189979,0.56420316,2
Neon Trees,Everybody Talks,2012,6,39,46,0.003075345,0.410080183,0.923396106,0.727272727,0.655258759,0.731735765,0
Justin Bieber,As Long As You Love Me,2012,6,29,69,0.08292216,0.524627721,0.869135014,0,0.561080308,0.612978475,1
Flo Rida,I Cry,2012,6,21,64,0.006296211,0.664375716,0.814873923,0.363636364,0.476856278,0.772028417,4
Chris Brown,Look At Me Now,2011,6,27,73,0.034660287,0.749140893,0.660602192,1,0.600947335,0.533453504,2
Wiz Khalifa,No Sleep,2011,6,15,66,0.111449835,0.618556701,0.696776253,0.818181818,0.686633074,0.778390415,4
Mike Posner,Cooler Than Me,2010,6,29,45,0.153372225,0.832760596,0.476540057,0.636363636,0.495229402,0.800657406,4
Lil Wayne,Right Above It,2010,6,24,68,0.044476261,0.301260023,0.835088839,0.272727273,0.168583746,0.453928534,1
Lady Gaga,Paparazzi,2009,6,27,67,0.115539824,0.743413517,0.676561336,0.454545455,0.40821764,0.383946559,1
Linkin Park,New Divide,2009,6,20,69,0.000237915,0.435280641,0.799978721,0.454545455,0.427121174,0.365920899,0
Jason Mraz,I'm Yours,2008,6,76,42,0.608383529,0.656357388,0.426534738,1,0.630539229,0.724313434,2
Lil Wayne,A Milli,2008,6,23,72,0.039568274,0.641466208,0.679753165,0.545454545,0.633715516,0.783692079,4
Huey,"Pop, Lock & Drop It",2007,6,23,51,0.000770636,0.723940435,0.544632408,0,0.588519727,0.485738522,1
Rich Boy,Throw Some D's,2007,6,21,56,0.037625529,0.668957617,0.855303756,1,0.691856987,0.422118545,0
Rascal Flatts,What Hurts The Most,2006,6,51,70,0.008995604,0.485681558,0.657410363,0.454545455,0.538328225,0.312904252,0
Red Hot Chili Peppers,Dani California,2006,6,26,76,0.019731826,0.50744559,0.911692733,0,0.292748814,0.73703743,1
Christina Aguilera,Ain't No Other Man,2006,6,20,61,0.003842218,0.857961054,0.729758485,0.636363636,0.488420429,0.504824515,4
Rihanna,Unfaithful,2006,6,20,70,0.857872873,0.544100802,0.356314502,0,0.588081831,0.333050578,3
Rob Thomas,Lonely No More,2005,6,34,39,0.032410793,0.583046964,0.896797532,0.818181818,0.228976372,0.866398049,4
Sean Paul,We Be Burnin',2005,6,28,57,0.148259738,0.958762887,0.794659006,0.090909091,0.421132485,0.874880713,1
Green Day,Wake Me Up When September Ends,2005,6,27,76,0.023515066,0.495990836,0.806362379,0.636363636,0.346998563,0.11780299,0
50 Cent,Outta Control,2005,6,19,52,0.3149268,0.658648339,0.720182998,0.818181818,0.291836017,0.475135192,2
Kelly Clarkson,Breakaway,2004,6,46,64,0.030468048,0.381443299,0.686136823,0.818181818,0.686077995,0.38076556,0
Jagged Edge,Walked Outta Heaven,2004,6,27,55,0.585888588,0.638029782,0.59570167,0.909090909,0.440430742,0.51754851,2
Twista,Overnight Celebrity,2004,6,20,65,0.186092139,0.819014891,0.782955634,0.909090909,0.527208136,0.786873078,4
D12,My Band,2004,6,18,69,0.508178792,0.845360825,0.843600383,0.090909091,0.439721474,0.857915385,1
Snoop Dogg,Beautiful,2003,6,20,61,0.251531967,0.909507446,0.679753165,1,0.322494896,0.98197434,4
Creed,One Last Breath,2002,6,34,45,0.009036504,0.305841924,0.708479625,0.181818182,0.501366112,0.143250981,1
Michelle Branch,All You Wanted,2002,6,28,60,0.004762465,0.442153494,0.70635174,0.727272727,0.292249243,0.65433146,4
Ja Rule,Livin' It Up,2001,6,25,62,0.078627671,0.871706758,0.756357059,0.545454545,0.353665682,0.647969462,4
Shakira,"Whenever, Wherever",2001,6,24,75,0.241306994,0.778923253,0.825513352,0.090909091,0.363533758,0.887604708,1
Backstreet Boys,Show Me The Meaning Of Being Lonely,2000,6,24,66,0.236194507,0.592210767,0.605277157,0.545454545,0.735665077,0.687201781,4
Erykah Badu,Bag Lady,2000,6,20,55,0.373209147,0.699885452,0.382913076,0.454545455,0.63194543,0.575866822,3
Backstreet Boys,I Want It That Way,1999,6,31,79,0.262779437,0.659793814,0.678689222,0.545454545,0.310357163,0.47407486,2
DaBaby,Suge,2019,7,13,82,0.062165464,0.873997709,0.644643047,0.181818182,0.164840045,0.857915385,1
5 Seconds Of Summer,Youngblood,2018,7,48,83,0.017277832,0.553264605,0.848920098,0.636363636,0.441325036,0.124164988,0
Lil Wayne,Uproar,2018,7,20,71,0.060836218,0.721649485,0.865943185,0.090909091,0.310579194,0.900328703,1
Drake,I'm Upset,2018,7,16,72,0.285274378,0.900343643,0.563783381,1,0.624667723,0.484678189,2
Lil Uzi Vert,XO TOUR Llif3,2017,7,34,60,0.002697021,0.709049255,0.738270029,1,0.656091378,0.388187891,0
"Zedd, Alessia Cara",Stay,2017,7,31,78,0.258689448,0.66093929,0.602085328,0.454545455,0.328865973,0.539815502,4
Rihanna,Needed Me,2016,7,45,78,0.112472332,0.639175258,0.274390893,0.454545455,0.38349811,0.276852932,3
J. Cole,Deja Vu,2016,7,20,70,0.359916682,0.623138603,0.388232791,0.818181818,0.773071254,0.154914643,2
Nick Jonas,Jealous,2015,7,32,66,0.013290093,0.672394044,0.686136823,1,0.273185353,0.365920899,2
Calvin Harris,Summer,2014,7,26,81,0.021572321,0.553264605,0.851047984,0.363636364,0.488660964,0.750821758,1
Maroon 5,Daylight,2013,7,25,58,0.002512971,0.623138603,0.662730078,0.181818182,0.439678301,0.313964585,1
Eminem,Rap God,2013,7,20,77,0.405929061,0.681557847,0.837216725,0.636363636,0.613189917,0.625702471,4
Alex Clare,Too Close,2012,7,44,59,0.011449598,0.5395189,0.697840196,1,0.476905618,0.266249602,2
Drake,Take Care,2012,7,34,72,0.027298306,0.591065292,0.48824343,0,0.451014253,0.280033931,1
Tyga,Rack City,2012,7,25,63,0.038136778,0.934707904,0.300989467,0.090909091,0.310030283,0.252465274,3
Hot Chelle Rae,Tonight Tonight,2011,7,30,74,0.078116423,0.656357388,0.773380147,0.363636364,0.31614849,0.826105397,4
Jason Aldean,Dirt Road Anthem,2011,7,27,73,0.354804195,0.649484536,0.728694542,0.181818182,0.482955982,0.6363058,1
Shinedown,Second Chance,2009,7,41,45,0.0010917,0.397479954,0.787211405,0,0.316352019,0.155974976,1
The Fray,You Found Me,2009,7,39,74,0.019118328,0.257731959,0.794659006,0.727272727,0.636959646,0.387127558,0
Mariah Carey,Obsessed,2009,7,21,66,0.047543753,0.720504009,0.43823811,0.909090909,0.232670733,0.354257237,2
Sean Kingston,Take You There,2008,7,25,61,0.018607079,0.731958763,0.920204277,0.454545455,0.409000919,0.635245467,4
Yael Naim,New Soul,2008,7,19,60,0.749488158,0.751431844,0.335035642,0,0.316290343,0.655391793,3
Christina Aguilera,Keeps Gettin' Better,2008,7,18,42,0.075560179,0.609392898,0.681881051,0.454545455,0.501316771,0.228077616,0
Rihanna,Hate That I Love You,2007,7,26,70,0.33026426,0.600229095,0.716991169,0.454545455,0.278458607,0.739158096,4
Linkin Park,What I've Done,2007,7,23,76,0.01441484,0.58419244,0.929779764,0.454545455,0.440369066,0.267309935,0
Kanye West,Good Life,2007,7,21,43,0.00279927,0.327605956,0.732950314,0.090909091,0.751799382,0.439083872,1
Rascal Flatts,Life Is A Highway,2006,7,20,73,0.003310519,0.53722795,0.953186509,0.454545455,0.334953343,0.657512459,4
Jibbs,Chain Hang Low,2006,7,20,58,0.026480308,0.777777778,0.56697521,0.363636364,0.668741019,0.787933411,1
Kelly Clarkson,Because Of You,2005,7,37,72,0.259711945,0.538373425,0.561655495,0.454545455,0.563226614,0.107199661,3
Will Smith,Switch,2005,7,28,57,0.007155109,0.875143184,0.88190233,0.090909091,0.331746218,0.511186513,1
Gwen Stefani,Rich Girl,2005,7,27,61,0.030059049,0.851088202,0.742525801,0.636363636,0.304060097,0.728554766,4
Madonna,Hung Up,2005,7,20,59,0.003719518,0.603665521,0.62761996,0.818181818,0.470423525,0.403032552,2
Nickelback,Someday,2004,7,50,69,0.000627486,0.391752577,0.85317587,1,0.705567445,0.596013148,0
Evanescence,My Immortal,2004,7,32,74,0.882412809,0.088201604,0.222257687,0.818181818,0.186839687,0.070088008,3
Kanye West,All Falls Down,2004,7,20,72,0.152349727,0.623138603,0.721246941,0.727272727,0.260961274,0.423178878,2
Baby Bash,Suga Suga,2003,7,33,72,0.703475779,0.628865979,0.736142143,0.454545455,0.207309777,0.530272506,3
Tyrese,How You Gonna Act Like That,2003,7,25,37,0.10940484,0.70790378,0.371209703,0.272727273,0.395956556,0.53557417,1
Ashanti,Rain On Me,2003,7,20,47,0.350714206,0.564719359,0.684008937,0.727272727,0.215759318,0.502703849,2
Sean Paul,Gimme The Light,2002,7,39,60,0.144169749,0.761741123,0.749973401,0.181818182,0.361233263,0.941681688,1
Kylie Minogue,Can't Get You Out Of My Head,2002,7,20,72,0.026889307,0.747995418,0.539312693,0.818181818,0.476683586,0.985155339,4
Alicia Keys,A Woman's Worth,2002,7,20,56,0.338444238,0.634593356,0.376529418,0.363636364,0.162521047,0.485738522,3
Brandy,What About Us?,2002,7,18,39,0.262779437,0.470790378,0.719119055,0.909090909,0.846273876,0.743399427,0
Aerosmith,Jaded,2001,7,20,60,0.005110114,0.46277205,0.887222045,0.818181818,0.427355541,0.633124801,4
Creed,Higher,2000,7,57,68,5.03E-05,0.396334479,0.823385467,0.181818182,0.660599856,0.419997879,1
P!nk,There You Go,2000,7,32,54,0.088136896,0.812142039,0.841472497,0.909090909,0.365044807,0.670236454,4
Sugar Ray,Someday,1999,7,32,58,0.01073385,0.723940435,0.665921907,0.090909091,0.38324524,0.957586682,1
Donell Jones,U Know What's Up,1999,7,24,43,0.073719684,0.817869416,0.458453027,0.909090909,0.334885499,0.883363376,4
Khalid,Better,2019,8,41,66,0.051429243,0.663230241,0.52760932,0,0.304121772,0.122044322,1
Bobby Helms,Jingle Bell Rock,2019,8,25,35,0.6574634,0.734249714,0.39142462,0.181818182,0.437815701,0.817622734,3
Blueface,Thotiana,2019,8,20,74,0.184047144,0.90836197,0.346739015,0.909090909,0.341108555,0.377584562,2
Ariana Grande,God Is A Woman,2018,8,22,80,0.023821815,0.560137457,0.640387275,0.090909091,0.594015012,0.247163609,1
Travis Scott,Stargazing,2018,8,8,84,0.009680677,0.428407789,0.779763805,0.727272727,0.624704729,0.022797158,0
Post Malone,Congratulations,2017,8,50,54,0.20858708,0.591065292,0.798914778,0.545454545,0.458119268,0.485738522,0
Alessia Cara,Scars To Your Beautiful,2017,8,43,73,0.029138801,0.526918671,0.726566656,0,0.298305775,0.441204538,1
Drake,Passionfruit,2017,8,20,80,0.26175694,0.797250859,0.432918396,1,0.390171396,0.348955572,2
Prince,When Doves Cry,2016,8,23,71,0.0104271,0.705612829,0.992552399,0.818181818,0.479539161,0.853674054,4
Ariana Grande,Dangerous Woman,2016,8,21,77,0.054087736,0.63115693,0.580806469,0.363636364,0.526283004,0.269430601,1
Kent Jones,Don't Mind,2016,8,20,66,0.024026315,0.402061856,0.760612831,0.727272727,0.678794121,0.694624112,0
Sam Smith,Lay Me Down,2015,8,20,76,0.939672659,0.406643757,0.142461964,0.363636364,0.472440314,0.30866292,3
Sia,Chandelier,2014,8,46,70,0.020140825,0.327605956,0.777635919,0.090909091,0.421681397,0.569504825,1
Justin Timberlake,Not A Bad Thing,2014,8,22,56,0.538853712,0.223367698,0.539312693,0,0.229327922,0.078570671,3
Aloe Blacc,The Man,2014,8,20,59,0.033842289,0.223367698,0.758484945,1,0.20436169,0.480436857,2
Capital Cities,Safe And Sound,2013,8,43,77,0.000177587,0.620847652,0.811682094,0,0.427028661,0.775209416,1
Zedd,Clarity,2013,8,33,74,0.040693021,0.453608247,0.771252261,0.727272727,0.488975509,0.149612978,0
"Owl City, Carly Rae Jepsen",Good Time,2012,8,24,74,0.024435314,0.512027491,0.868071071,0.272727273,0.476948791,0.686141448,1
Adele,Skyfall,2012,8,20,73,0.426379007,0.266895762,0.52760932,0,0.167529095,0.04665465,3
OneRepublic,Good Life,2011,8,35,44,0.080263667,0.59908362,0.678689222,0.545454545,0.285378595,0.691443113,4
Justin Bieber,Never Say Never,2011,8,19,69,0.018504829,0.717067583,0.798914778,0,0.298077575,0.633124801,1
La Roux,Bulletproof,2010,8,27,65,0.000448549,0.642611684,0.878710501,0.272727273,0.458236451,0.686141448,1
Miley Cyrus,Can't Be Tamed,2010,8,10,63,0.029343301,0.592210767,0.908500904,1,0.421009134,0.750821758,4
Drake,Forever,2009,8,24,40,0.239261999,0.407789233,0.930843707,0.454545455,0.354825181,0.521789842,0
Pitbull,Hotel Room Service,2009,8,23,70,0.007206234,0.845360825,0.609532929,0.090909091,0.476541733,0.799597073,1
Jonas Brothers,Tonight,2008,8,4,50,0.000541596,0.403207331,0.955314395,0.363636364,0.661043919,0.764606086,1
Carrie Underwood,Before He Cheats,2007,8,64,74,0.2770944,0.465063001,0.737206086,0.545454545,0.611740544,0.270490934,0
Jordin Sparks,Tattoo,2007,8,31,64,0.44069397,0.518900344,0.755293116,0.181818182,0.73570825,0.542996501,1
Fabolous,Make Me Better,2007,8,21,61,0.337421741,0.565864834,0.57761464,1,0.232966775,0.558901495,2
Nickelback,Far Away,2006,8,30,70,0.000709286,0.463917526,0.788275348,0.545454545,0.519289005,0.273671933,0
Danity Kane,Show Stopper,2006,8,20,55,0.013596842,0.735395189,0.374401532,0.454545455,0.16847273,0.456049199,2
Usher,Caught Up,2005,8,27,61,0.027605055,0.806414662,0.797850835,0.545454545,0.378490061,0.816562401,4
Coldplay,Speed Of Sound,2005,8,20,68,0.004987415,0.459335624,0.895733589,1,0.458550996,0.33729191,0
Lloyd Banks,On Fire,2004,8,20,58,0.09437413,0.73997709,0.818065752,0.727272727,0.284564479,0.417877213,2
Ginuwine,In Those Jeans,2003,8,20,61,0.519426263,0.662084765,0.515905947,0.090909091,0.487020396,0.30124059,3
"DJ Sammy, Yanou",Heaven,2002,8,27,64,0.001122375,0.524627721,0.954250452,0.727272727,0.55043512,0.60025448,0
Ashanti,Happy,2002,8,23,63,0.245396983,0.703321879,0.48824343,0.181818182,0.251450916,0.70098611,1
P!nk,Just Like A Pill,2002,8,20,66,8.81E-05,0.659793814,0.76380466,0.818181818,0.328939984,0.231258615,2
City High,What Would You Do?,2001,8,28,54,0.264824432,0.710194731,0.78508352,0.636363636,0.290855377,0.84519139,4
Ja Rule,Put It On Me,2001,8,27,44,0.0297523,0.526918671,0.845728269,0.545454545,0.845324074,0.721132436,0
Sonique,It Feels So Good,2000,8,24,61,0.011960846,0.596792669,0.660602192,0.454545455,0.532222352,0.554660163,0
Jennifer Lopez,Waiting For Tonight,1999,8,20,57,0.002288022,0.665521191,0.941483137,0.909090909,0.470559212,0.868518715,4
Brenda Lee,Rockin' Around The Christmas Tree,2019,9,27,53,0.627810978,0.545246277,0.442493882,0.727272727,0.113963945,0.915173364,4
Drake,Portland,2017,9,16,74,0.017584582,0.930126002,0.411639536,0.090909091,0.538796958,0.334110911,1
DNCE,Cake By The Ocean,2016,9,46,80,0.155417219,0.757159221,0.741461858,0.363636364,0.433479915,0.913052699,4
Andy Grammer,"Honey, I'm Good.",2015,9,31,72,0.033126541,0.731958763,0.764868603,0.818181818,0.452056569,0.593892482,4
"Pitbull, Ne",Time Of Our Lives,2015,9,27,77,0.09416963,0.695303551,0.793595063,0.090909091,0.464570523,0.729615099,1
Ed Sheeran,Don't,2014,9,36,72,0.011551847,0.793814433,0.587190127,0.090909091,0.285748648,0.86321705,1
"Michael Jackson, Justin Timberlake",Love Never Felt So Good,2014,9,20,68,0.134967273,0.758304696,0.705287797,0.636363636,0.424296437,0.717951437,4
Ariana Grande,The Way,2013,9,26,66,0.300611838,0.609392898,0.874454729,0.454545455,0.207266605,0.877001378,4
P!nk,Try,2013,9,24,73,0.001439349,0.641466208,0.609532929,0.181818182,0.340942031,0.547237833,1
Lil Wayne,Love Me,2013,9,22,60,0.012778844,0.636884307,0.614852644,1,0.469893116,0.488919521,2
Usher,Scream,2012,9,21,66,0.00119395,0.576174112,0.857431642,0.636363636,0.488926168,0.566323826,4
Lupe Fiasco,The Show Goes On,2011,9,33,71,0.019322827,0.547537228,0.886158102,0.636363636,0.581901948,0.652210794,4
Drake,Make Me Proud,2011,9,20,66,0.002737921,0.654066438,0.457389084,0.090909091,0.513109122,0.339412576,1
Jason Derulo,Ridin' Solo,2010,9,28,67,0.130877284,0.376861397,0.823385467,0.818181818,0.250525783,0.575866822,4
Lil Wayne,6 Foot 7 Foot,2010,9,21,69,0.000720533,0.288659794,0.739333972,0.181818182,0.187499615,0.603435479,1
Katy Perry,Waking Up In Vegas,2009,9,23,41,0.001224625,0.470790378,0.874454729,0.454545455,0.507410308,0.588590818,0
Rihanna,Russian Roulette,2009,9,14,64,0.047032504,0.420389462,0.457389084,0.545454545,0.193247769,0.243982611,2
Eminem,We Made You,2009,9,10,47,0.10940484,0.928980527,0.847856155,0.181818182,0.402648345,0.673417453,1
The Pussycat Dolls,When I Grow Up,2008,9,20,71,0.001684748,0.639175258,0.669113736,1,0.430069262,0.353196904,2
"Demi Lovato, Joe Jonas",This Is Me,2008,9,7,65,0.009926077,0.352806415,0.81380998,0.090909091,0.262287297,0.592832149,1
P!nk,Who Knew,2007,9,36,69,0.004721565,0.658648339,0.720182998,0.818181818,0.56301075,0.449687202,0
"Rihanna, Sean Paul",Break It Off,2007,9,20,49,0.016971083,0.898052692,0.725502713,0.909090909,0.525771098,0.80914007,4
Amy Winehouse,Rehab,2007,9,20,70,0.048361751,0.367697595,0.868071071,0,0.140601583,0.739158096,1
Fall Out Boy,"Dance, Dance",2006,9,31,44,0.004844265,0.592210767,0.968081711,1,0.405429909,0.493160853,0
Chingy,Pullin' Me Back,2006,9,20,61,0.084353656,0.770904926,0.483987658,0.636363636,0.192933224,0.585409819,2
Ludacris,Pimpin' All Over The World,2005,9,20,56,0.293454357,0.437571592,0.879774444,1,0.267782582,0.792174743,4
Ying Yang Twins,Salt Shaker,2004,9,26,62,0.052042741,0.883161512,0.681881051,1,0.328403407,0.304421588,2
OutKast,Roses,2004,9,21,71,0.049179749,0.730813288,0.693584424,0,0.371607078,0.502703849,1
Britney Spears,Toxic,2004,9,20,79,0.025457811,0.757159221,0.83189701,0.454545455,0.581735425,0.942742021,4
Uncle Kracker,Drift Away,2003,9,35,70,0.185069641,0.538373425,0.642515161,1,0.636725279,0.875941045,4
R. Kelly,Step In The Name Of Love,2003,9,27,41,0.270959416,0.726231386,0.558463666,0.545454545,0.273006494,0.532393171,2
Kelly Clarkson,Miss Independent,2003,9,20,58,0.088034646,0.620847652,0.603149271,1,0.78485127,0.615099141,0
Shakira,Underneath Your Clothes,2002,9,20,65,0.701430785,0.576174112,0.575486754,0.727272727,0.720307884,0.346834906,2
Incubus,Drive,2001,9,39,48,0.0675847,0.602520046,0.843600383,0.363636364,0.258074862,0.689322447,1
Nelly Furtado,I'm Like A Bird,2001,9,24,71,0.141102257,0.583046964,0.587190127,0.909090909,0.252517901,0.606616478,2
Jagged Edge,Promise,2001,9,21,57,0.139057262,0.730813288,0.544632408,0.454545455,0.488987844,0.647969462,4
Backstreet Boys,Shape Of My Heart,2000,9,20,73,0.257666951,0.529209622,0.776571976,0.818181818,0.292243075,0.512246846,2
Red Hot Chili Peppers,Scar Tissue,1999,9,29,76,0.079650168,0.552119129,0.703159911,0,0.248249958,0.542996501,1
Len,Steal My Sunshine,1999,9,25,58,0.465233905,0.342497136,0.954250452,0.363636364,0.881983977,0.549358499,0
Ava Max,Sweet But Psycho,2019,10,28,85,0.070652192,0.694158076,0.689328652,0.090909091,0.519825582,0.628883469,1
Migos,Walk It Talk It,2018,10,22,77,0.089568392,0.909507446,0.613788701,0.181818182,0.599460956,0.381825893,1
Andy Williams,It's The Most Wonderful Time Of The Year,2018,10,10,51,0.78323057,0.145475372,0.576550697,0.636363636,0.94587977,0.785812745,0
Liam Payne,Strip That Down,2017,10,28,71,0.224947037,0.871706758,0.469092457,0.545454545,0.353431315,0.537694836,2
Miley Cyrus,Malibu,2017,10,15,77,0.078423172,0.526918671,0.771252261,0.727272727,0.562579022,0.32668858,0
Fall Out Boy,Centuries,2015,10,34,79,0.003668393,0.32187858,0.85317587,0.363636364,0.785289165,0.556780829,0
Ed Sheeran,Photograph,2015,10,30,65,0.620653497,0.573883162,0.343547186,0.363636364,0.365556714,0.176121302,3
One Direction,Perfect,2015,10,20,75,0.061142967,0.611683849,0.815937866,0.181818182,0.31587095,0.382886226,1
Coldplay,A Sky Full Of Stars,2014,10,26,77,0.007288034,0.501718213,0.61698053,0.545454545,0.470448196,0.125225321,0
Paramore,Ain't It Fun,2014,10,24,72,0.157462214,0.56930126,0.890413874,0.818181818,0.34114556,0.676598452,4
Maroon 5,Love Somebody,2013,10,21,60,0.148259738,0.643757159,0.782955634,0.090909091,0.439733809,0.381825893,1
Demi Lovato,Heart Attack,2013,10,20,53,0.074230933,0.442153494,0.765932546,0.727272727,0.77255318,0.520729509,0
Train,Drive By,2012,10,36,74,0.0010917,0.746849943,0.830833067,0.090909091,0.452142914,0.727494433,1
Chris Brown,Don't Wake Me Up,2012,10,28,63,0.056030481,0.560137457,0.675497393,0.636363636,0.48877198,0.181422967,0
Kelly Clarkson,Mr. Know It All,2011,10,23,50,0.029036551,0.644902635,0.798914778,0.454545455,0.291342613,0.432721875,1
DJ Khaled,I'm On One,2011,10,23,67,0.054803484,0.343642612,0.798914778,1,0.620529299,0.42742021,0
Demi Lovato,Skyscraper,2011,10,15,68,0.15132723,0.526918671,0.558463666,0.636363636,0.339844208,0.162336974,2
Adam Lambert,Whataya Want From Me,2010,10,30,64,0.007216459,0.374570447,0.66698585,1,0.846372557,0.434842541,0
Jay Sean,Do You Remember,2010,10,20,67,0.024742063,0.849942726,0.651026705,1,0.475690611,0.814441735,4
Young Money,Every Girl,2009,10,20,52,0.003228719,0.594501718,0.716991169,0.545454545,0.168676259,0.770968084,4
Hannah Montana,He Could Be The One,2009,10,5,67,0.001572274,0.560137457,0.891477817,0.363636364,0.476566403,0.644788464,1
Metro Station,Shake It,2008,10,30,69,0.002257347,0.578465063,0.956378338,0.363636364,0.624871252,0.800657406,1
Jesse McCartney,Leavin',2008,10,24,66,0.028934302,0.657502864,0.69571231,0.818181818,0.18821505,0.902449369,4
Taylor Swift,Change,2008,10,3,43,0.00481359,0.498281787,0.744653687,0.454545455,0.291848352,0.20050896,0
Lil Mama,Lip Gloss,2007,10,11,64,0.419221526,0.579610538,0.865943185,0.181818182,0.863789711,0.959707348,1
Panic! At The Disco,I Write Sins Not Tragedies,2006,10,37,74,0.095907876,0.520045819,0.786147462,0.818181818,0.748382561,0.6363058,0
Chris Brown,Say Goodbye,2006,10,23,67,0.001705198,0.786941581,0.474412172,0.090909091,0.409358637,0.374403563,1
Field Mob,So What,2006,10,21,54,0.059200222,0.936998855,0.457389084,0.545454545,0.439795484,0.913052699,4
Weezer,Beverly Hills,2005,10,43,70,0.095294377,0.664375716,0.815937866,0.454545455,0.24168152,0.748701092,4
The Killers,Mr. Brightside,2005,10,38,78,0.00103035,0.278350515,0.923396106,0.090909091,0.612431309,0.208991623,1
No Doubt,It's My Life,2004,10,28,57,0.002697021,0.564719359,0.738270029,0.727272727,0.478589359,0.78051108,4
Fabolous,Breathe,2004,10,20,50,0.347646714,0.687285223,0.908500904,0.909090909,0.211608558,0.503764182,2
Monica,So Gone,2003,10,22,67,0.179957155,0.578465063,0.52760932,0.727272727,0.20511413,0.584349486,2
Craig David,7 Days,2002,10,20,55,0.266869427,0.608247423,0.837216725,0.363636364,0.211583888,0.898208037,4
Avril Lavigne,Sk8er Boi,2002,10,20,76,6.71E-05,0.428407789,0.897861475,0,0.624273,0.476195525,1
Enya,Only Time,2001,10,32,71,0.859917868,0.349369989,0.205234599,0.272727273,0.21022086,0.188845297,3
Tamia,Stranger In My House,2001,10,21,48,0.105314851,0.644902635,0.579742526,0,0.439265075,0.181422967,1
Michael Jackson,You Rock My World,2001,10,20,64,0.038852526,0.848797251,0.65634642,0.363636364,0.285446438,0.975612342,4
Destiny's Child,Emotion,2001,10,20,59,0.16666469,0.342497136,0.554207894,0.636363636,0.770678245,0.328809246,0
LFO,Girl On TV,1999,10,17,51,0.133944776,0.658648339,0.702095968,0.363636364,0.29187919,0.336231577,1
